CustomerID,FirstName,LastName,Email,KYC_Status
1,Christopher,Hill,joshuacarroll@example.net,Verified
2,Amanda,Horne,devintorres@example.org,Pending
3,Rebecca,Quinn,ngreer@example.com,Verified
4,Lindsay,Dean,sknox@example.net,Verified
5,Charles,Mclaughlin,jacquelinerose@example.com,Flagged
6,Alexandra,Brown,andrewstokes@example.org,Verified
7,Shirley,Kramer,amiddleton@example.org,Verified
8,Amanda,Watson,stephaniehamilton@example.com,Pending
9,Susan,Mclaughlin,gshaw@example.org,Pending
10,Shawn,Hinton,evansmadison@example.org,Pending
11,Charles,Porter,mbaker@example.com,Verified
12,Joe,Byrd,jacquelinecox@example.org,Pending
13,Zoe,Sharp,rhamilton@example.net,Verified
14,Michael,Johnson,rchambers@example.net,Verified
15,Luis,Carter,lawsonbrittany@example.com,Verified
16,Larry,Smith,rmartinez@example.com,Verified
17,Jacob,Schultz,prattdawn@example.net,Pending
18,Luke,Martin,jordandevin@example.com,Verified
19,Victoria,Mendoza,codyguzman@example.net,Verified
20,Brianna,Cox,robert01@example.org,Verified
21,April,Jones,dennis41@example.com,Verified
22,Elizabeth,White,christophermontes@example.net,Verified
23,Daniel,Cooper,ortegastacy@example.org,Verified
24,Alexandra,Hanson,lford@example.org,Verified
25,Rebecca,Casey,hulljeffrey@example.net,Verified
26,Melissa,Mills,bcoleman@example.com,Verified
27,David,Fitzgerald,michaelwagner@example.com,Verified
28,Michelle,Michael,krystalgreen@example.org,Flagged
29,Gina,Poole,porterian@example.com,Verified
30,Keith,Ruiz,zdecker@example.org,Verified
31,Lauren,Pierce,rmartinez@example.org,Verified
32,Stephanie,Johnson,markmendoza@example.com,Verified
33,Linda,Green,robert45@example.org,Verified
34,Jessica,Castillo,benjaminboyd@example.com,Pending
35,Lisa,Walsh,harveychristopher@example.net,Verified
36,Michael,Ruiz,emmasmith@example.org,Verified
37,Leslie,Hayes,hillkim@example.org,Verified
38,Devin,Tucker,michael42@example.com,Verified
39,Kylie,Martin,christinehenderson@example.net,Verified
40,Jason,Massey,devinperez@example.org,Verified
41,Kara,Booth,patrick14@example.net,Verified
42,Joseph,Graham,moraleskathryn@example.net,Verified
43,Erin,Wells,julia69@example.org,Pending
44,Ana,Wagner,amyanderson@example.net,Verified
45,Alexander,Stewart,jason47@example.com,Verified
46,Amanda,Kelly,richardsonjoseph@example.net,Verified
47,Amy,Hart,sheilaconrad@example.org,Flagged
48,Jane,Gutierrez,allisonjames@example.com,Verified
49,Aaron,Butler,christopherreese@example.net,Pending
50,Brenda,Martin,holdenbrett@example.net,Pending
51,Ashley,Gonzalez,christianhansen@example.net,Verified
52,Loretta,Simmons,cheyennejackson@example.net,Verified
53,Zachary,Hahn,codyjimenez@example.net,Pending
54,Lori,Taylor,moorestephanie@example.net,Verified
55,Jennifer,Smith,lopezcameron@example.org,Verified
56,Joshua,Stewart,millssusan@example.com,Verified
57,Michelle,Turner,weberkristy@example.org,Verified
58,April,Moyer,tatethomas@example.net,Verified
59,Peter,Johnson,nathan60@example.net,Verified
60,Katherine,Graham,dmartinez@example.com,Flagged
61,Alexis,Smith,leonardfox@example.net,Verified
62,Dennis,French,katieburton@example.org,Verified
63,Lindsay,Herrera,jessica68@example.net,Pending
64,Victor,Brooks,hbrock@example.net,Verified
65,Andrew,Sanford,taylorkyle@example.com,Verified
66,Gary,Andersen,cannonkatie@example.com,Verified
67,Lisa,Cook,wilkinsjulie@example.org,Verified
68,Joanne,Davis,william83@example.com,Pending
69,Sara,Sherman,jbrown@example.com,Flagged
70,Adam,Brown,vaughanvictor@example.com,Verified
71,Melissa,Bowen,danielfisher@example.com,Verified
72,Brittany,Smith,timothy58@example.net,Verified
73,Kathleen,Yang,samuelryan@example.net,Verified
74,Mary,Powers,whitneychristopher@example.com,Verified
75,Elizabeth,Bennett,jamesgilbert@example.net,Verified
76,Luis,Smith,taylor35@example.org,Verified
77,Mark,Payne,jennifer86@example.net,Verified
78,Nicholas,Shaw,roserobin@example.net,Verified
79,Thomas,Burns,castrolinda@example.com,Verified
80,Mary,Levy,englishjennifer@example.net,Verified
81,Kimberly,Bruce,yalvarez@example.net,Verified
82,Joy,Brown,michael03@example.com,Verified
83,Tanya,Davis,michelespencer@example.org,Pending
84,Kimberly,Taylor,urodriguez@example.net,Pending
85,Stacey,Ramsey,jeanette15@example.com,Verified
86,Jessica,Ball,trevor17@example.org,Verified
87,David,Davis,shannonhall@example.org,Verified
88,Daniel,Chandler,chadweaver@example.org,Verified
89,Judith,King,davismark@example.com,Verified
90,Joseph,Rollins,zrobinson@example.net,Pending
91,Sarah,Garrett,alexa23@example.org,Verified
92,Brian,Baker,heathercole@example.net,Verified
93,Tony,Bowman,christinealvarez@example.net,Verified
94,Christina,Banks,nicholasortiz@example.net,Verified
95,Aaron,Harrell,rali@example.org,Verified
96,Dwayne,Bryant,thomaswoodard@example.net,Verified
97,Larry,Perry,deannawoods@example.org,Pending
98,George,Shaffer,davisrebekah@example.org,Verified
99,Amy,Green,lisamorris@example.net,Verified
100,Jeffrey,Smith,dale67@example.net,Verified
